COD_UAB,UAB,COD_SEDE,SEDE ,COD_FACULTAD,FACULTAD,COD_PROG_CURRICULAR,DESC_PROG_CURRICULAR,COD_PLAN,DES_PLAN
2074,DEPARTAMENTO DE FISIOLOGIA VEGETAL                                         ,1101,#ERROR!,NO REGISTRA,NO REGISTRA,NO REGISTRA,NO REGISTRA,NO REGISTRA,NO REGISTRA
2605,DEPARTAMENTO DE TOXICOLOGIA MEDICINA BOGOTA                                ,1101,#ERROR!,2056,FACULTAD DE MEDICINA,199,MAESTRÍA EN TOXICOLOGÍA,2760,MAESTRÍA EN TOXICOLOGÍA
2418,DEPARTAMENTO DE PSIQUIATRIA MEDICINA BOGOTA                                ,1101,#ERROR!,2056,FACULTAD DE MEDICINA,141,ESPECIALIDAD EN PSIQUIATRÍA,2276,ESPECIALIDAD EN PSIQUIATRIA
2133,DEPARTAMENTO DE QUIMICA CIENCIAS BOGOTA                                    ,1101,#ERROR!,2050,FACULTAD DE CIENCIAS,362,DOCTORADO EN CIENCIAS - BIOQUÍMICA,2862,DOCTORADO EN CIENCIAS - BIOQUÍMICA
2632,DEPARTAMENTO DE SALUD COLECTIVA ODONTOLOGIA BOGOTA                         ,1101,#ERROR!,2053,"FACULTAD DE DERECHO, CIENCIAS POLÍTICAS Y SOCIALES",118,ESPECIALIZACIÓN EN DERECHO ADMINISTRATIVO,2494,ESPECIALIZACION EN DERECHO ADMINISTRATIVO CONVENIO SEDE CARIBE
2581,DEPARTAMENTO DE SALUD DE COLECTIVOS ENFERMERIA BOGOTA                      ,1101,#ERROR!,2054,FACULTAD DE ENFERMERÍA,147,ESPECIALIZACIÓN EN SALUD OCUPACIONAL,2679,ESPECIALIZACIÓN EN SALUD OCUPACIONAL
2631,DEPARTAMENTO DE SALUD ORAL ODONTOLOGIA BOGOTA                              ,1101,#ERROR!,2058,FACULTAD DE ODONTOLOGÍA,341,ESPECIALIDAD EN PERIODONCIA,2818,ESPECIALIDAD EN PERIODONCIA
2602,DEPARTAMENTO DE SALUD PUBLICA MEDICINA BOGOTA                              ,1101,#ERROR!,2056,FACULTAD DE MEDICINA,195,MAESTRÍA EN SALUD PÚBLICA,2825,MAESTRÍA EN SALUD PÚBLICA
2293,DEPARTAMENTO DE SICOLOGIA C. HUMANAS BOGOTA                                ,1101,#ERROR!,2052,FACULTAD DE CIENCIAS HUMANAS,369,DOCTORADO EN PSICOLOGÍA,2902,DOCTORADO EN PSICOLOGÍA
2294,DEPARTAMENTO DE SOCIOLOGIA C. HUMANAS BOGOTA                               ,1101,#ERROR!,2052,FACULTAD DE CIENCIAS HUMANAS,198,MAESTRÍA EN SOCIOLOGÍA,2662,MAESTRÍA EN SOCIOLOGÍA
2417,DEPARTAMENTO DE PEDIATRIA MEDICINA BOGOTA                                  ,1101,#ERROR!,2056,FACULTAD DE MEDICINA,138,ESPECIALIDAD EN PEDIATRÍA,2742,ESPECIALIDAD EN PEDIATRÍA
2603,DEPARTAMENTO DE MEDICINA BOGOTA                                            ,1101,#ERROR!,2056,FACULTAD DE MEDICINA,099,ESPECIALIDAD EN DERMATOLOGÍA,2718,ESPECIALIDAD EN DERMATOLOGIA
2604,DEPARTAMENTO DE MEDICINA FISICA Y REHABILITACION MEDICINA BOGOTA           ,1101,#ERROR!,2056,FACULTAD DE MEDICINA,123,ESPECIALIDAD EN MEDICINA FÍSICA Y REHABILITACIÓN,2349,ESPECIALIDAD EN MEDICINA FISICA Y REHABILITACION
2414,DEPARTAMENTO DE MICROBIOLOGIA MEDICINA BOGOTA                              ,1101,#ERROR!,NO REGISTRA,NO REGISTRA,NO REGISTRA,NO REGISTRA,NO REGISTRA,NO REGISTRA
2415,DEPARTAMENTO DE MORFOLOGIA MEDICINA BOGOTA                                 ,1101,#ERROR!,2056,FACULTAD DE MEDICINA,338,MAESTRÍA EN MORFOLOGÍA HUMANA,2815,MAESTRÍA EN MORFOLOGÍA HUMANA
2287,DEPARTAMENTO DE FILOSOFIA C. HUMANAS BOGOTA                                ,1101,#ERROR!,2052,FACULTAD DE CIENCIAS HUMANAS,177,MAESTRÍA EN FILOSOFÍA,2866,MAESTRÍA EN FILOSOFÍA
2130,DEPARTAMENTO DE FISICA CIENCIAS BOGOTA                                     ,1101,#ERROR!,2050,FACULTAD DE CIENCIAS,163,MAESTRÍA EN CIENCIAS - FÍSICA,2650,MAESTRIA EN CIENCIAS FISICA
2552,DEPARTAMENTO DE GEOCIENCIAS CIENCIAS BOGOTA                                ,1101,#ERROR!,2050,FACULTAD DE CIENCIAS,164,MAESTRÍA EN CIENCIAS - GEOFÍSICA,2299,MAESTRIA EN GEOFISICA
2288,DEPARTAMENTO DE GEOGRAFIA C. HUMANAS BOGOTA                                ,1101,#ERROR!,2052,FACULTAD DE CIENCIAS HUMANAS,304,MAESTRÍA EN GEOGRAFÍA,2657,MAESTRÍA EN GEOGRAFÍA
2289,DEPARTAMENTO DE HISTORIA C. HUMANAS BOGOTA                                 ,1101,#ERROR!,2052,FACULTAD DE CIENCIAS HUMANAS,038,HISTORIA,2038,HISTORIA
2411,DEPARTAMENTO DE IMAGENES DIAGNOSTICAS MEDICINA BOGOTA                      ,1101,#ERROR!,2056,FACULTAD DE MEDICINA,142,ESPECIALIDAD EN RADIOLOGÍA E IMÁGENES DIAGNÓSTICAS,2745,ESPECIALIDAD EN RADIOLOGIA E IMAGENES DIAGNOSTICAS
2580,DEPARTAMENTO DE CUIDADO Y PRACTICA DE ENFERMERIA BOGOTA,1101,#ERROR!,2054,FACULTAD DE ENFERMERÍA,090,ESPECIALIZACIÓN EN ENFERMERÍA CARDIORRESPIRATORIA,2677,ESPECIALIZACIÓN EN ENFERMERÍA CARDIORRESPIRATORIA
2522,DEPARTAMENTO DE AGRONOMIA BOGOTA,1101,#ERROR!,2048,FACULTAD DE AGRONOMÍA,040,INGENIERÍA AGRONÓMICA,2040,INGENIERIA AGRONOMICA
2286,DEPARTAMENTO DE ANTROPOLOGIA C. HUMANAS BOGOTA                             ,1101,#ERROR!,2052,FACULTAD DE CIENCIAS HUMANAS,087,ESPECIALIZACIÓN EN ANTROPOLOGÍA FORENSE,2645,ESPECIALIZACIÓN EN ANTROPOLOGÍA FORENSE
2127,DEPARTAMENTO DE BIOLOGIA CIENCIAS BOGOTA                                   ,1101,#ERROR!,2050,FACULTAD DE CIENCIAS,159,MAESTRÍA EN CIENCIAS - BIOLOGíA,2620,MAESTRIA EN CIENCIAS - BIOLOGIA
2408,DEPARTAMENTO DE CIENCIAS FISIOLOGICAS MEDICINA BOGOTA                      ,1101,#ERROR!,2056,FACULTAD DE MEDICINA,178,MAESTRÍA EN FISIOLOGÍA,2753,MAESTRÍA EN FISIOLOGÍA
2471,DEPARTAMENTO DE CIENCIAS PARA LA PRODUCCION ANIMAL MEDICINA VETERINARIA BOG,1101,#ERROR!,2057,FACULTAD DE MEDICINA VETERINARIA Y DE ZOOTECNIA,067,DOCTORADO EN CIENCIAS - SALUD ANIMAL O PRODUCCIÓN ANIMAL,2770,DOCTORADO EN CIENCIAS - SALUD ANIMAL O PRODUCCIÓN ANIMAL
2473,DEPARTAMENTO DE CIENCIAS PARA LA SALUD ANIMAL MEDICINA VETERINARIA BOGOTA  ,1101,#ERROR!,2057,FACULTAD DE MEDICINA VETERINARIA Y DE ZOOTECNIA,196,MAESTRÍA EN SALUD Y PRODUCCIÓN ANIMAL,2763,MAESTRIA EN SALUD ANIMAL
2409,DEPARTAMENTO DE CIRUGIA MEDICINA BOGOTA                                    ,1101,#ERROR!,2056,FACULTAD DE MEDICINA,132,ESPECIALIDAD EN OFTALMOLOGÍA,2737,ESPECIALIDAD EN OFTALMOLOGIA
2609,DEPARTAMENTO DE COMUNICACION HUMANA Y SUS DESORDENES MEDICINA BOGOTA       ,1101,#ERROR!,2056,FACULTAD DE MEDICINA,013,FONOAUDIOLOGÍA,2013,FONOAUDIOLOGIA
2099,DEPARTAMENTO DE CONSTRUCCION                                               ,1101,#ERROR!,NO REGISTRA,NO REGISTRA,NO REGISTRA,NO REGISTRA,NO REGISTRA,NO REGISTRA
2266,DEPARTAMENTO DE TEORIA Y POLITICA ECONOMICA                                ,1101,#ERROR!,NO REGISTRA,NO REGISTRA,NO REGISTRA,NO REGISTRA,NO REGISTRA,NO REGISTRA
2419,DEPARTAMENTO DE TERAPIAS                                                   ,1101,#ERROR!,NO REGISTRA,NO REGISTRA,NO REGISTRA,NO REGISTRA,NO REGISTRA,NO REGISTRA
2103,DEPARTAMENTO DE URBANISMO                                                  ,1101,#ERROR!,NO REGISTRA,NO REGISTRA,NO REGISTRA,NO REGISTRA,NO REGISTRA,NO REGISTRA
2000,SEDE BOGOTA                                                                ,1101,#ERROR!,2000,SEDE BOGOTÁ,DTS,CRÉDITOS PRIMER PLAN PARA DOBLE TITULACIÓN,2DTS,CRÉDITOS PRIMER PLAN PARA DOBLE TITULACIÓN
3000,SEDE MEDELLIN                                                              ,1102,#ERROR!,3,SEDE MEDELLÍN,POS,PROGRAMA CURSOS EN POSGRADO,MGPR,MODALIDAD ASIGNATURAS DE POSGRADO
4000,SEDE MANIZALES                                                             ,1103,#ERROR!,4000,SEDE MANIZALES,PEL,PROGRAMA ELECTIVAS,4CLE,COMPONENTE DE LIBRE ELECCIÓN
5000,SEDE PALMIRA                                                               ,1104,#ERROR!,5100,SEDE PALMIRA,DTS,CRÉDITOS PRIMER PLAN PARA DOBLE TITULACIÓN,5DTS,CRÉDITOS PRIMER PLAN PARA DOBLE TITULACIÓN
6000,SEDE LETICIA                                                               ,1125,#ERROR!,6000,SEDE AMAZONIA,310,ESPECIALIZACIÓN EN ESTUDIOS AMAZÓNICOS,6125,ESPECIALIZACIÓN EN ESTUDIOS AMAZÓNICOS
2073,DEPARTAMENTO DE SANIDAD VEGETAL                                            ,1101,#ERROR!,NO REGISTRA,NO REGISTRA,NO REGISTRA,NO REGISTRA,NO REGISTRA,NO REGISTRA
2508,DEPARTAMENTO DE ODONTOPEDIATRIA Y ORTODONCIA                               ,1101,#ERROR!,NO REGISTRA,NO REGISTRA,NO REGISTRA,NO REGISTRA,NO REGISTRA,NO REGISTRA
2472,DEPARTAMENTO DE PATOLOGIA VETERINARIA                                      ,1101,#ERROR!,NO REGISTRA,NO REGISTRA,NO REGISTRA,NO REGISTRA,NO REGISTRA,NO REGISTRA
2510,DEPARTAMENTO DE PREVENTIVA Y SOCIAL                                        ,1101,#ERROR!,NO REGISTRA,NO REGISTRA,NO REGISTRA,NO REGISTRA,NO REGISTRA,NO REGISTRA
2413,"DEPARTAMENTO DE PREVENTIVA, SALUD PUBLICA Y TROPICAL                       ",1101,#ERROR!,NO REGISTRA,NO REGISTRA,NO REGISTRA,NO REGISTRA,NO REGISTRA,NO REGISTRA
2421,DEPARTAMENTO DE REHABILITACION                                             ,1101,#ERROR!,NO REGISTRA,NO REGISTRA,NO REGISTRA,NO REGISTRA,NO REGISTRA,NO REGISTRA
2507,DEPARTAMENTO DE REHABILITACION ORAL                                        ,1101,#ERROR!,NO REGISTRA,NO REGISTRA,NO REGISTRA,NO REGISTRA,NO REGISTRA,NO REGISTRA
2672,DEPARTAMENTO DE ENFERMERIA,1101,#ERROR!,2054,FACULTAD DE ENFERMERÍA,121,ESPECIALIZACIÓN EN ENFERMERÍA MATERNO PERINATAL,2678,ESPECIALIZACION EN ENFERMERIA MATERNA PERINATAL CON APOYO FAMILIAR
2668,INSTITUTO DE ESTUDIOS URBANOS,1101,#ERROR!,2053,"FACULTAD DE DERECHO, CIENCIAS POLÍTICAS Y SOCIALES",318,ESPECIALIZACIÓN EN MERCADOS Y POLÍTICAS DE SUELO EN AMÉRICA LATINA,2495,ESPECIALIZACION EN MERCADOS Y POLITICA DE SUELO EN AMERICA
2539,INSTITUTO TALLER DE CREACION ARTES BOGOTA                                  ,1101,#ERROR!,NO REGISTRA,NO REGISTRA,NO REGISTRA,NO REGISTRA,NO REGISTRA,NO REGISTRA
2251,OBSERVATORIO ASTRONOMICO CIENCIAS BOGOTA                                   ,1101,#ERROR!,2050,FACULTAD DE CIENCIAS,333,MAESTRÍA EN ENSEÑANZA DE LAS CIENCIAS EXACTAS Y NATURALES,2806,MAESTRÍA EN ENSEÑANZA DE LAS CIENCIAS EXACTAS Y NATURALES
2349,DEPARTAMENTO ADMINISTRACION Y EDUCACION                                    ,1101,#ERROR!,NO REGISTRA,NO REGISTRA,NO REGISTRA,NO REGISTRA,NO REGISTRA,NO REGISTRA
2071,DEPARTAMENTO AGUA Y SUELOS                                                 ,1101,#ERROR!,NO REGISTRA,NO REGISTRA,NO REGISTRA,NO REGISTRA,NO REGISTRA,NO REGISTRA
2097,DEPARTAMENTO ARQUITECTURA BOGOTA                                           ,1101,#ERROR!,NO REGISTRA,NO REGISTRA,NO REGISTRA,NO REGISTRA,NO REGISTRA,NO REGISTRA
2098,DEPARTAMENTO BELLAS ARTES                                                  ,1101,#ERROR!,NO REGISTRA,NO REGISTRA,NO REGISTRA,NO REGISTRA,NO REGISTRA,NO REGISTRA
2470,DEPARTAMENTO CIENCIAS FISIOLOGICAS VETERINARIA                             ,1101,#ERROR!,NO REGISTRA,NO REGISTRA,NO REGISTRA,NO REGISTRA,NO REGISTRA,NO REGISTRA
2350,DEPARTAMENTO CLINICA  ENFERMERIA                                           ,1101,#ERROR!,NO REGISTRA,NO REGISTRA,NO REGISTRA,NO REGISTRA,NO REGISTRA,NO REGISTRA
2106,"INSTITUTO HABITAT, CIUDAD Y TERRITORIO ARTES BOGOTA                        ",1101,#ERROR!,NO REGISTRA,NO REGISTRA,NO REGISTRA,NO REGISTRA,NO REGISTRA,NO REGISTRA
2361,INSTITUTO DE INVESTIGACION Y EXTENSION - IEI INGENIERIA BOGOTA             ,1101,#ERROR!,NO REGISTRA,NO REGISTRA,NO REGISTRA,NO REGISTRA,NO REGISTRA,NO REGISTRA
2611,INSTITUTO DE INVESTIGACIONES BIOMEDICAS MEDICINA BOGOTA                    ,1101,#ERROR!,2056,FACULTAD DE MEDICINA,313,DOCTORADO EN CIENCIAS BIOMÉDICAS,2711,DOCTORADO EN CIENCIAS BIOMEDICAS
2051,FACULTAD DE CIENCIAS ECONOMICAS BOGOTA                                     ,1101,#ERROR!,2050,FACULTAD DE CIENCIAS,POS,PROGRAMA CURSOS EN POSGRADO,2POS,OPCION DE GRADO - CURSOS DE POSGRADO - FACULTAD DE CIENCIAS ECONOMICAS
2052,FACULTAD DE CIENCIAS HUMANAS BOGOTA                                        ,1101,#ERROR!,2000,SEDE BOGOTÁ,POS,PROGRAMA CURSOS EN POSGRADO,BGCH,OPCION DE GRADO - CURSOS EN POSGRADO - FACULTAD DE CIENCIAS HUMANAS
2053,"FACULTAD DE DERECHO, CIENCIAS POLITICAS Y SOCIALES BOGOTA                  ",1101,#ERROR!,2000,SEDE BOGOTÁ,POS,PROGRAMA CURSOS EN POSGRADO,BGFD,"OPCION DE GRADO - CURSOS EN POSGRADO - FACULTAD DE DERECHO, CIENCIAS POLITI"
7000,SEDE ARAUCA                                                                ,1124,#ERROR!,7000,SEDE ORINOQUIA,PAM,PROGRAMA ESPECIAL DE ADMISIÓN Y MOVILIDAD,7117,HISTORIA - SEDE BOGOTÁ - AC 033
2608,DEPARTAMENTO DE MOVIMIENTO CORPORAL HUMANO Y SUS DESORDENES MEDICINA BOGOTA,1101,#ERROR!,2056,FACULTAD DE MEDICINA,230,MAESTRÍA EN DISCAPACIDAD E INCLUSIÓN SOCIAL,2751,MAESTRIA EN DISCAPACIDAD E INCLUSION SOCIAL
2606,DEPARTAMENTO DE NUTRICION MEDICINA BOGOTA                                  ,1101,#ERROR!,2056,FACULTAD DE MEDICINA,386,MAESTRÍA EN SEGURIDAD ALIMENTARIA Y NUTRICIONAL,2903,MAESTRÍA EN SEGURIDAD ALIMENTARIA Y NUTRICIONAL
2410,DEPARTAMENTO DE OBSTETRICIA Y GINECOLOGIA MEDICINA BOGOTA                  ,1101,#ERROR!,2056,FACULTAD DE MEDICINA,131,ESPECIALIDAD EN OBSTETRICIA Y GINECOLOGÍA,2736,ESPECIALIDAD EN OBSTETRICIA Y GINECOLOGÍA
2416,DEPARTAMENTO DE PATOLOGIA MEDICINA BOGOTA                                  ,1101,#ERROR!,2056,FACULTAD DE MEDICINA,137,ESPECIALIDAD EN PATOLOGÍA ANATÓMICA Y CLÍNICA,2741,ESPECIALIDAD EN PATOLOGIA ANATOMICA Y CLINICA
2132,DEPARTAMENTO DE MATEMATICAS CIENCIAS BOGOTA                                ,1101,#ERROR!,2050,FACULTAD DE CIENCIAS,003,MATEMÁTICAS,2518,MATEMÁTICAS
2592,DEPARTAMENTO DE INGENIERIA DE SISTEMAS E INDUSTRIAL BOGOTA                 ,1101,#ERROR!,2055,FACULTAD DE INGENIERÍA,372,INGENIERÍA  DE SISTEMAS Y COMPUTACIÓN,2879,INGENIERÍA DE SISTEMAS Y COMPUTACIÓN
2590,DEPARTAMENTO DE INGENIERIA ELECTRICA Y ELECTRONICA BOGOTA                  ,1101,#ERROR!,2055,FACULTAD DE INGENIERÍA,089,ESPECIALIZACIÓN EN AUTOMATIZACIÓN INDUSTRIAL,2687,ESPECIALIZACION EN AUTOMATIZACION INDUSTRIAL
2589,DEPARTAMENTO DE INGENIERIA MECANICA Y MECATRONICA BOGOTA                   ,1101,#ERROR!,2055,FACULTAD DE INGENIERÍA,050,INGENIERÍA MECATRÓNICA,2050,INGENIERIA MECATRONICA
2371,DEPARTAMENTO DE INGENIERIA QUIMICA BOGOTA,1101,#ERROR!,2055,FACULTAD DE INGENIERÍA,D15,DOCTORADO EN INGENIERÍA - INGENIERÍA QUÍMICA (080),2215,DOCTORADO EN INGENIERIA AREA INGENIERIA QUIMICA
2607,DEPARTAMENTO DE LA OCUPACION HUMANA Y SUS DESORDENES MEDICINA BOGOTA       ,1101,#ERROR!,2056,FACULTAD DE MEDICINA,021,TERAPIA OCUPACIONAL,2021,TERAPIA OCUPACIONAL
2292,DEPARTAMENTO DE LENGUAS EXTRANJERAS C. HUMANAS BOGOTA                      ,1101,#ERROR!,2000,SEDE BOGOTÁ,PES,PROGRAMA ESPECIAL,2ING,INGLES - PROGRAMA DE APRENDIZAJE AUTONOMO DE LENGUA EXTRANJERA
2290,DEPARTAMENTO DE LINGUISTICA C. HUMANAS BOGOTA                              ,1101,#ERROR!,2052,FACULTAD DE CIENCIAS HUMANAS,190,MAESTRÍA EN LINGÜÍSTICA,2725,MAESTRIA EN LINGÜISTICA
2291,DEPARTAMENTO DE LITERATURA C. HUMANAS BOGOTA                               ,1101,#ERROR!,2052,FACULTAD DE CIENCIAS HUMANAS,247,MAESTRÍA EN ESTUDIOS LITERARIOS,2655,MAESTRÍA EN ESTUDIOS LITERARIOS
2591,DEPARTAMENTO DE INGENIERIA CIVIL Y AGRICOLA BOGOTA                         ,1101,#ERROR!,2055,FACULTAD DE INGENIERÍA,082,ESPECIALIZACIÓN EN GEOTECNIA,2690,ESPECIALIZACION EN GEOTECNIA
2128,DEPARTAMENTO DE ESTADISTICA CIENCIAS BOGOTA                                ,1101,#ERROR!,2050,FACULTAD DE CIENCIAS,161,MAESTRÍA EN CIENCIAS - ESTADÍSTICA,2688,MAESTRIA EN CIENCIAS - ESTADISTICA
2129,DEPARTAMENTO DE FARMACIA CIENCIAS BOGOTA                                   ,1101,#ERROR!,2050,FACULTAD DE CIENCIAS,162,MAESTRÍA EN CIENCIAS FARMACÉUTICAS,2883,MAESTRÍA EN CIENCIAS FARMACÉUTICAS
2328,DEPARTAMENTO DE ESTUDIOS SOCIOJURIDICOS Y POLITICOS                        ,1101,#ERROR!,NO REGISTRA,NO REGISTRA,NO REGISTRA,NO REGISTRA,NO REGISTRA,NO REGISTRA
2101,DEPARTAMENTO DE EXPRESION                                                  ,1101,#ERROR!,NO REGISTRA,NO REGISTRA,NO REGISTRA,NO REGISTRA,NO REGISTRA,NO REGISTRA
2264,DEPARTAMENTO DE FINANZAS                                                   ,1101,#ERROR!,NO REGISTRA,NO REGISTRA,NO REGISTRA,NO REGISTRA,NO REGISTRA,NO REGISTRA
2536,ESCUELA DE CINE Y TELEVISION ARTES BOGOTA                                  ,1101,#ERROR!,2049,FACULTAD DE ARTES,036,CINE Y TELEVISIÓN,2036,CINE Y TELEVISION
2535,ESCUELA DE DISENO GRAFICO ARTES BOGOTA                                     ,1101,#ERROR!,2049,FACULTAD DE ARTES,041,DISEÑO GRÁFICO,2041,DISEÑO GRAFICO
2100,ESCUELA DE DISENO INDUSTRIAL ARTES BOGOTA                                  ,1101,#ERROR!,2049,FACULTAD DE ARTES,032,DISEÑO INDUSTRIAL,2032,DISEÑO INDUSTRIAL
2560,ESCUELA DE ECONOMIA C. ECONOMICAS BOGOTA                                   ,1101,#ERROR!,2051,FACULTAD DE CIENCIAS ECONÓMICAS,171,MAESTRÍA EN CIENCIAS ECONÓMICAS,2343,MAESTRIA EN CIENCIAS ECONOMICAS
2601,ESCUELA DE EDUCACION MEDICA MEDICINA BOGOTA                                ,1101,#ERROR!,2056,FACULTAD DE MEDICINA,010,MEDICINA,2010,MEDICINA
2572,ESCUELA DE ESTUDIOS DE GENERO C. HUMANAS BOGOTA                            ,1101,#ERROR!,2052,FACULTAD DE CIENCIAS HUMANAS,174,MAESTRÍA EN ESTUDIOS DE GÉNERO ÁREA MUJER Y DESARROLLO,2731,MAESTRÍA EN ESTUDIOS DE GÉNERO
2573,ESCUELA DE ESTUDIOS DE PSICOANALISIS Y CULTURA C. HUMANAS BOGOTA           ,1101,#ERROR!,2052,FACULTAD DE CIENCIAS HUMANAS,284,"MAESTRÍA EN PSICOANÁLISIS, SUBJETIVIDAD Y CULTURA (DE FREUD A LACAN)",2427,"MAESTRIA EN PSICOANALISIS, SUBJETIVIDAD Y CULTURA"
2523,ESCUELA DE POSGRADOS AGRONOMIA BOGOTA                                      ,1101,#ERROR!,2048,FACULTAD DE AGRONOMÍA,100,ESPECIALIZACIÓN EN DESARROLLO RURAL,2574,ESPECIALIZACION EN DESARROLLO RURAL
2534,ESCUELA DE ARTES PLASTICAS Y VISUALES ARTES BOGOTA                         ,1101,#ERROR!,2049,FACULTAD DE ARTES,364,MAESTRÍA EN EDUCACIÓN ARTÍSTICA,2860,MAESTRÍA EN EDUCACIÓN ARTÍSTICA
2105,CENTRO DE INVESTIGACION EN BAMBU Y MADERA - CIBAM                          ,1101,#ERROR!,NO REGISTRA,NO REGISTRA,NO REGISTRA,NO REGISTRA,NO REGISTRA,NO REGISTRA
2630,CENTRO DE INVESTIGACION Y EXTENSION EN ESTUDIOS INTERDISCIPLINARIOS EN SALU,1101,#ERROR!,NO REGISTRA,NO REGISTRA,NO REGISTRA,NO REGISTRA,NO REGISTRA,NO REGISTRA
2524,CENTRO DE INVESTIGACION Y EXTENSION RURAL AGRONOMIA BOGOTA,1101,#ERROR!,NO REGISTRA,NO REGISTRA,NO REGISTRA,NO REGISTRA,NO REGISTRA,NO REGISTRA
2261,CENTRO DE INVESTIGACIONES PARA EL DESARROLLO - CID                         ,1101,#ERROR!,NO REGISTRA,NO REGISTRA,NO REGISTRA,NO REGISTRA,NO REGISTRA,NO REGISTRA
2540,CENTRO DE MEDIOS DE EXPRESION E INFORMATICA ARTES BOGOTA                   ,1101,#ERROR!,NO REGISTRA,NO REGISTRA,NO REGISTRA,NO REGISTRA,NO REGISTRA,NO REGISTRA
2615,CENTRO DE TELEMEDICINA BOGOTA                                              ,1101,#ERROR!,NO REGISTRA,NO REGISTRA,NO REGISTRA,NO REGISTRA,NO REGISTRA,NO REGISTRA
2561,ESCUELA DE ADMINISTRACION Y CONTADURIA PUBLICA C. ECONOMICAS BOGOTA        ,1101,#ERROR!,2051,FACULTAD DE CIENCIAS ECONÓMICAS,152,MAESTRÍA EN ADMINISTRACIÓN,2637,MAESTRIA EN ADMINISTRACIÓN
2533,ESCUELA DE ARQUITECTURA Y URBANISMO ARTES BOGOTA                           ,1101,#ERROR!,2049,FACULTAD DE ARTES,154,MAESTRÍA EN ARQUITECTURA,2900,MAESTRIA EN ARQUITECTURA
2107,CENTRO DE INFORMACION Y DIVULGACION - CIDAR                                ,1101,#ERROR!,NO REGISTRA,NO REGISTRA,NO REGISTRA,NO REGISTRA,NO REGISTRA,NO REGISTRA
2102,CONSERVATORIO DE MUSICA ARTES BOGOTA,1101,#ERROR!,2049,FACULTAD DE ARTES,043,MÚSICA INSTRUMENTAL,2512,MÚSICA INSTRUMENTAL
2469,CENTRO AGROPECUARIO MARENGO                                                ,1101,#ERROR!,NO REGISTRA,NO REGISTRA,NO REGISTRA,NO REGISTRA,NO REGISTRA,NO REGISTRA
2282,CENTRO DE DOCUMENTACION - MANUEL ANCIZAR                                   ,1101,#ERROR!,NO REGISTRA,NO REGISTRA,NO REGISTRA,NO REGISTRA,NO REGISTRA,NO REGISTRA
2614,CENTRO DE ESTUDIOS DE MEDICINA DE URGENCIAS - CEMU BOGOTA                  ,1101,#ERROR!,NO REGISTRA,NO REGISTRA,NO REGISTRA,NO REGISTRA,NO REGISTRA,NO REGISTRA
2553,CENTRO DE ESTUDIOS EN CIENCIAS DEL MAR CIENCIAS BOGOTA                     ,1101,#ERROR!,NO REGISTRA,NO REGISTRA,NO REGISTRA,NO REGISTRA,NO REGISTRA,NO REGISTRA
2285,CENTRO DE ESTUDIOS SOCIALES - CES BOGOTA                                   ,1101,#ERROR!,NO REGISTRA,NO REGISTRA,NO REGISTRA,NO REGISTRA,NO REGISTRA,NO REGISTRA
2541,"CENTRO DE EXTENSION ACADEMICA, PROYECTOS Y PRODUCCION ARTES BOGOTA         ",1101,#ERROR!,NO REGISTRA,NO REGISTRA,NO REGISTRA,NO REGISTRA,NO REGISTRA,NO REGISTRA
2582,CENTRO DE EXTENSION Y DE INVESTIGACION EN ENFERMERIA BOGOTA                ,1101,#ERROR!,NO REGISTRA,NO REGISTRA,NO REGISTRA,NO REGISTRA,NO REGISTRA,NO REGISTRA
2407,CENTRO DE FISIOLOGIA DEL ESFUERZO                                          ,1101,#ERROR!,NO REGISTRA,NO REGISTRA,NO REGISTRA,NO REGISTRA,NO REGISTRA,NO REGISTRA
2055,FACULTAD DE INGENIERIA BOGOTA                                              ,1101,#ERROR!,2000,SEDE BOGOTÁ,POS,PROGRAMA CURSOS EN POSGRADO,BGFI,OPCION DE GRADO - CURSOS EN POSGRADO - FACULTAD DE INGENIERIA
2056,FACULTAD DE MEDICINA BOGOTA                                                ,1101,#ERROR!,2000,SEDE BOGOTÁ,POS,PROGRAMA CURSOS EN POSGRADO,BAPM,MODALIDAD ASIGNATURAS EN POSGRADO FACULTAD DE MEDICINA
2057,FACULTAD DE MEDICINA VETERINARIA Y ZOOTECNIA BOGOTA                        ,1101,#ERROR!,2000,SEDE BOGOTÁ,POS,PROGRAMA CURSOS EN POSGRADO,BAPV,MODALIDAD ASIGNATURAS EN POSGRADO FACULTAD DE MEDICINA VETERINARIA
2058,FACULTAD DE ODONTOLOGÍA BOGOTA                                             ,1101,#ERROR!,2000,SEDE BOGOTÁ,POS,PROGRAMA CURSOS EN POSGRADO,BAPO,MODALIDAD ASIGNATURAS EN POSGRADO FACULTAD DE ODONTOLOGÍA
1001,RECTORÍA,1101,#ERROR!,NO REGISTRA,NO REGISTRA,NO REGISTRA,NO REGISTRA,NO REGISTRA,NO REGISTRA
7009,SEDE ARAUCA,1124,#ERROR!,NO REGISTRA,NO REGISTRA,NO REGISTRA,NO REGISTRA,NO REGISTRA,NO REGISTRA
8001,SEDE SAN ANDRÉS,1126,#ERROR!,NO REGISTRA,NO REGISTRA,NO REGISTRA,NO REGISTRA,NO REGISTRA,NO REGISTRA
2054,FACULTAD DE ENFERMERÍA BOGOTA                                              ,1101,#ERROR!,2000,SEDE BOGOTÁ,POS,PROGRAMA CURSOS EN POSGRADO,BGFE,OPCION DE GRADO - CURSOS EN POSGRADO - FACULTAD DE ENFERMERIA
8006,SEDE SAN ANDRÉS,1126,#ERROR!,NO REGISTRA,NO REGISTRA,NO REGISTRA,NO REGISTRA,NO REGISTRA,NO REGISTRA
8000,SEDE SAN ANDRES                                                            ,1126,#ERROR!,8000,SEDE CARIBE,306,MAESTRÍA EN ESTUDIOS DEL CARIBE,8116,MAESTRÍA EN ESTUDIOS DEL CARIBE
9000,SEDE TUMACO                                                                ,9920,#ERROR!,9000,SEDE TUMACO,PAM,PROGRAMA ESPECIAL DE ADMISIÓN Y MOVILIDAD,9001,ADMINISTRACIÓN DE EMPRESAS - SEDE PALMIRA - AC 033
2048,FACULTAD DE AGRONOMIA BOGOTA,1101,#ERROR!,2000,SEDE BOGOTÁ,POS,PROGRAMA CURSOS EN POSGRADO,BGAG,OPCION DE GRADO-GRUPO EN POSGRADO - FACULTAD DE AGRONOMÍA
2049,FACULTAD DE ARTES BOGOTA                                                   ,1101,#ERROR!,2000,SEDE BOGOTÁ,POS,PROGRAMA CURSOS EN POSGRADO,BAPA,MODALIDAD ASIGNATURAS EN POSGRADO FACULTAD DE ARTES
2050,FACULTAD DE CIENCIAS BOGOTA                                                ,1101,#ERROR!,2000,SEDE BOGOTÁ,POS,PROGRAMA CURSOS EN POSGRADO,BGFC,OPCION DE GRADO - CURSOS EN POSGRADO - FACULTAD DE CIENCIAS
2728,FACULTAD DE CIENCIAS AGRARIAS,1101,#ERROR!,NO REGISTRA,NO REGISTRA,NO REGISTRA,NO REGISTRA,NO REGISTRA,NO REGISTRA
2734,DEPARTAMENTO DE AGRONOMÍA - CIENCIAS AGRARIAS,1101,#ERROR!,2728,FACULTAD DE CIENCIAS AGRARIAS,377,MAESTRÍA EN CIENCIA Y TECNOLOGÍA DE ALIMENTOS,2805,MAESTRÍA EN CIENCIA Y TECNOLOGÍA DE ALIMENTOS
2735,DEPARTAMENTO DE DESARROLLO RURAL - CIENCIAS AGRARIAS,1101,#ERROR!,2728,FACULTAD DE CIENCIAS AGRARIAS,381,DOCTORADO EN AGROECOLOGÍA,2816,DOCTORADO EN AGROECOLOGÍA
2736,CENTRO DE INVESTIGACIÓN Y EXTENSIÓN RURAL - CIENCIAS AGRARIAS,1101,#ERROR!,NO REGISTRA,NO REGISTRA,NO REGISTRA,NO REGISTRA,NO REGISTRA,NO REGISTRA
2612,INSTITUTO DE INVESTIGACIONES CLINICAS MEDICINA BOGOTA                      ,1101,#ERROR!,2056,FACULTAD DE MEDICINA,253,MAESTRÍA EN EPIDEMIOLOGÍA CLÍNICA,2752,MAESTRIA EN EPIDEMIOLOGIA CLINICA
2104,INSTITUTO DE INVESTIGACIONES ESTETICAS                                     ,1101,#ERROR!,2049,FACULTAD DE ARTES,363,MAESTRÍA EN MUSICOLOGÍA,2863,MAESTRÍA EN MUSICOLOGÍA
2538,INSTITUTO DE INVESTIGACIONES TECNOLOGICAS ARTES BOGOTA                     ,1101,#ERROR!,NO REGISTRA,NO REGISTRA,NO REGISTRA,NO REGISTRA,NO REGISTRA,NO REGISTRA
2406,INSTITUTO DE SALUD EN EL TROPICO                                           ,1101,#ERROR!,NO REGISTRA,NO REGISTRA,NO REGISTRA,NO REGISTRA,NO REGISTRA,NO REGISTRA
2610,INSTITUTO DE SALUD PUBLICA MEDICINA BOGOTA                                 ,1101,#ERROR!,2056,FACULTAD DE MEDICINA,195,MAESTRÍA EN SALUD PÚBLICA,2358,MAESTRIA EN SALUD PUBLICA - CONVENIO UNIVERSIDAD DEL MAGDALENA
2284,INSTITUTO ELECTRONICO DE IDIOMAS                                           ,1101,#ERROR!,NO REGISTRA,NO REGISTRA,NO REGISTRA,NO REGISTRA,NO REGISTRA,NO REGISTRA
2574,INSTITUTO DE INVESTIGACION EN EDUCACION C. HUMANAS BOGOTA                  ,1101,#ERROR!,2052,FACULTAD DE CIENCIAS HUMANAS,282,MAESTRÍA EN EDUCACIÓN,2868,MAESTRIA EN EDUCACIÓN
2059,INSTITUTO DE BIOTECNOLOGIA BOGOTA                                          ,1101,#ERROR!,2050,FACULTAD DE CIENCIAS,212,MAESTRÍA EN CIENCIAS - BIOTECNOLOGÍA,2A45,MAESTRÍA EN CIENCIAS - BIOTECNOLOGÍA
2063,INSTITUTO DE CIENCIA Y TECNOLOGIA DE ALIMENTOS BOGOTA                      ,1101,#ERROR!,NO REGISTRA,NO REGISTRA,NO REGISTRA,NO REGISTRA,NO REGISTRA,NO REGISTRA
2252,INSTITUTO DE CIENCIAS NATURALES BOGOTA                                     ,1101,#ERROR!,NO REGISTRA,NO REGISTRA,NO REGISTRA,NO REGISTRA,NO REGISTRA,NO REGISTRA
2613,INSTITUTO DE DESEMPENO HUMANO Y DISCAPACIDAD MEDICINA BOGOTA               ,1101,#ERROR!,NO REGISTRA,NO REGISTRA,NO REGISTRA,NO REGISTRA,NO REGISTRA,NO REGISTRA
2060,INSTITUTO DE ESTUDIOS AMBIENTALES BOGOTA                                   ,1101,#ERROR!,2051,FACULTAD DE CIENCIAS ECONÓMICAS,192,MAESTRÍA EN MEDIO AMBIENTE Y DESARROLLO,2A85,MAESTRÍA EN MEDIO AMBIENTE Y DESARROLLO
2064,INSTITUTO DE ESTUDIOS EN COMUNICACIONES - IECO BOGOTA                      ,1101,#ERROR!,2052,FACULTAD DE CIENCIAS HUMANAS,357,MAESTRÍA EN COMUNICACIÓN Y MEDIOS,2801,MAESTRÍA EN COMUNICACIÓN Y MEDIOS
2061,INSTITUTO DE ESTUDIOS POLITICOS Y RELACIONES INTERNACIONALES BOGOTA        ,1101,#ERROR!,2051,FACULTAD DE CIENCIAS ECONÓMICAS,354,MAESTRÍA EN ESTUDIOS POLÍTICOS,2675,MAESTRÍA EN ESTUDIOS POLÍTICOS
2062,INSTITUTO DE GENETICA BOGOTA                                               ,1101,#ERROR!,NO REGISTRA,NO REGISTRA,NO REGISTRA,NO REGISTRA,NO REGISTRA,NO REGISTRA
2537,ESCUELA INTERDISCIPLINARIA DE POSGRADOS ARTES BOGOTA                       ,1101,#ERROR!,2049,FACULTAD DE ARTES,278,MAESTRÍA EN ESCRITURAS CREATIVAS,2596,MAESTRÍA EN ESCRITURAS CREATIVAS
2641,DEPARTAMENTO DE DERECHO,1101,#ERROR!,2053,"FACULTAD DE DERECHO, CIENCIAS POLÍTICAS Y SOCIALES",327,ESPECIALIZACIÓN EN DERECHOS HUMANOS Y DERECHO INTERNACIONAL HUMANITARIO,2791,ESPECIALIZACIÓN EN DERECHOS HUMANOS Y DERECHO INTERNACIONAL HUMANITARIO
2642,DEPARTAMENTO DE CIENCIA POLITICA,1101,#ERROR!,2053,"FACULTAD DE DERECHO, CIENCIAS POLÍTICAS Y SOCIALES",D27,DOCTORADO EN ESTUDIOS POLÍTICOS Y RELACIONES INTERNACIONALES (322),2502,DOCTORADO EN ESTUDIOS POLITICOS Y RELACIONES INTERNACIONALES
2045,DIVISION RECREACION Y DEPORTES BOGOTA,1101,#ERROR!,NO REGISTRA,NO REGISTRA,NO REGISTRA,NO REGISTRA,NO REGISTRA,NO REGISTRA
2017,DIVISION DE REGISTRO,1101,#ERROR!,NO REGISTRA,NO REGISTRA,NO REGISTRA,NO REGISTRA,NO REGISTRA,NO REGISTRA
0,ADMISIÓN POR AREAS - CIENCIAS E INGENIERIA,9933,#ERROR!,NO REGISTRA,NO REGISTRA,NO REGISTRA,NO REGISTRA,NO REGISTRA,NO REGISTRA
7100,ADMISIÓN POR AREAS - SEDE ARAUCA,1124,#ERROR!,NO REGISTRA,NO REGISTRA,NO REGISTRA,NO REGISTRA,NO REGISTRA,NO REGISTRA
8100,ADMISIÓN POR AREAS - SEDE SAN ANDRES,1126,#ERROR!,NO REGISTRA,NO REGISTRA,NO REGISTRA,NO REGISTRA,NO REGISTRA,NO REGISTRA
6100,ADMISIÓN POR AREAS - SEDE LETICIA,1125,#ERROR!,NO REGISTRA,NO REGISTRA,NO REGISTRA,NO REGISTRA,NO REGISTRA,NO REGISTRA
3209,VICEDECANATURA FACULTAD DE MINAS,1102,#ERROR!,NO REGISTRA,NO REGISTRA,NO REGISTRA,NO REGISTRA,NO REGISTRA,NO REGISTRA
3143,VICEDECANATURA FACULTAD DE CIENCIAS AGROPECUARIAS,1102,#ERROR!,NO REGISTRA,NO REGISTRA,NO REGISTRA,NO REGISTRA,NO REGISTRA,NO REGISTRA
3395,DEPARTAMENTO DE ENERGÍA ELÉCTRICA Y AUTOMÁTICA,1102,#ERROR!,3068,FACULTAD DE MINAS,052,INGENIERÍA DE CONTROL,3517,INGENIERÍA DE CONTROL
3399,DEPARTAMENTO DE PROCESOS Y ENERGÍA,1102,#ERROR!,3068,FACULTAD DE MINAS,189,MAESTRÍA EN INGENIERÍA - INGENIERÍA QUÍMICA,3598,MAESTRÍA EN INGENIERÍA - INGENIERÍA QUÍMICA
3401,DEPARTAMENTO DE INGENIERÍA MECÁNICA,1102,#ERROR!,3068,FACULTAD DE MINAS,016,INGENIERÍA MECÁNICA,3524,INGENIERÍA MECÁNICA
3459,DEPARTAMENTO DE CIENCIAS AGRONÓMICAS,1102,#ERROR!,3442,FACULTAD DE CIENCIAS AGRARIAS,378,INGENIERÍA AGRONÓMICA,3509,INGENIERÍA AGRONÓMICA
3460,DEPARTAMENTO DE PRODUCCIÓN ANIMAL,1102,#ERROR!,3442,FACULTAD DE CIENCIAS AGRARIAS,407,ZOOTECNIA,3511,ZOOTECNIA
3461,DEPARTAMENTO DE CIENCIAS FORESTALES,1102,#ERROR!,3442,FACULTAD DE CIENCIAS AGRARIAS,409,INGENIERÍA FORESTAL,3510,INGENIERÍA FORESTAL
3462,DEPARTAMENTO DE INGENIERÍA AGRÍCOLA Y ALIMENTOS,1102,#ERROR!,3442,FACULTAD DE CIENCIAS AGRARIAS,408,INGENIERÍA AGRÍCOLA,3508,INGENIERÍA AGRÍCOLA
3400,DEPARTAMENTO DE CIENCIAS DE LA COMPUTACIÓN Y DE LA DECISIÓN,1102,#ERROR!,3068,FACULTAD DE MINAS,228,ESPECIALIZACIÓN EN MERCADOS DE ENERGÍA,3590,ESPECIALIZACIÓN EN MERCADOS DE ENERGÍA
3304,ESCUELA DE BIOCIENCIAS,1102,#ERROR!,3065,FACULTAD DE CIENCIAS,051,INGENIERÍA BIOLÓGICA,3505,INGENIERÍA BIOLÓGICA
3305,ESCUELA DE ESTADISTICA,1102,#ERROR!,3065,FACULTAD DE CIENCIAS,007,ESTADÍSTICA,3504,ESTADÍSTICA
3318,DEPARTAMENTO DE CIENCIAS AGRONOMICAS,1102,#ERROR!,3066,FACULTAD DE CIENCIAS AGROPECUARIAS,068,DOCTORADO EN CIENCIAS AGROPECUARIAS - ÁREA AGRARIA,3571,DOCTORADO EN CIENCIAS AGROPECUARIAS - ÁREA AGRARIA
3325,DEPARTAMENTO DE CIENCIA POLÍTICA,1102,#ERROR!,3067,FACULTAD DE CIENCIAS HUMANAS  Y ECONÓMICAS,217,ESPECIALIZACIÓN EN CIENCIA POLÍTICA,3575,ESPECIALIZACIÓN EN CIENCIA POLÍTICA
3326,DEPARTAMENTO DE ESTUDIOS FILOSÓFICOS Y CULTURALES,1102,#ERROR!,3067,FACULTAD DE CIENCIAS HUMANAS  Y ECONÓMICAS,220,ESPECIALIZACIÓN EN ESTÉTICA,3577,ESPECIALIZACIÓN EN ESTÉTICA
3337,DEPARTAMENTO DE INGENIERÍA DE LA ORGANIZACIÓN,1102,#ERROR!,3068,FACULTAD DE MINAS,246,ESPECIALIZACIÓN EN GESTIÓN EMPRESARIAL,3588,ESPECIALIZACIÓN EN GESTIÓN EMPRESARIAL
3338,ESCUELA DE SISTEMAS,1102,#ERROR!,3068,FACULTAD DE MINAS,187,MAESTRÍA EN INGENIERÍA - INGENIERÍA DE SISTEMAS,3276,MAESTRÍA EN INGENIERÍA - INGENIERÍA DE SISTEMAS
3339,ESCUELA DE MECATRONICA,1102,#ERROR!,3068,FACULTAD DE MINAS,016,INGENIERÍA MECÁNICA,3016,INGENIERÍA MECÁNICA
3297,ESCUELA DE URBANISMO,1102,#ERROR!,NO REGISTRA,NO REGISTRA,NO REGISTRA,NO REGISTRA,NO REGISTRA,NO REGISTRA
3212,DEPARTAMENTO DE INGENIERÍA CIVIL,1102,#ERROR!,3068,FACULTAD DE MINAS,106,ESPECIALIZACIÓN EN ESTRUCTURAS,3586,ESPECIALIZACIÓN EN ESTRUCTURAS
3282,ESCUELA DE GEOCIENCIAS,1102,#ERROR!,3065,FACULTAD DE CIENCIAS,239,MAESTRÍA EN CIENCIAS - GEOMORFOLOGÍA Y SUELOS,3264,MAESTRÍA EN CIENCIAS - GEOMORFOLOGÍA Y SUELOS
3291,ESCUELA DE ARQUITECTURA,1102,#ERROR!,3064,FACULTAD DE ARQUITECTURA,237,ESPECIALIZACIÓN EN GESTIÓN INMOBILIARIA,3299,ESPECIALIZACIÓN EN GESTIÓN INMOBILIARIA
3292,ESCUELA DE PLANEACION URBANO - REGIONAL,1102,#ERROR!,3064,FACULTAD DE ARQUITECTURA,391,DOCTORADO EN ESTUDIOS URBANOS Y TERRITORIALES,3618,DOCTORADO EN ESTUDIOS URBANOS Y TERRITORIALES
3293,ESCUELA DE ARTES,1102,#ERROR!,3064,FACULTAD DE ARQUITECTURA,047,ARTES PLÁSTICAS,3502,ARTES PLÁSTICAS
3295,ESCUELA DE CONSTRUCCION,1102,#ERROR!,3064,FACULTAD DE ARQUITECTURA,061,CONSTRUCCIÓN,3503,CONSTRUCCIÓN
3296,ESCUELA DEL HABITAT,1102,#ERROR!,3064,FACULTAD DE ARQUITECTURA,181,MAESTRÍA EN HABITAT,3258,MAESTRÍA EN HÁBITAT
3190,DEPARTAMENTO DE HISTORIA,1102,#ERROR!,3067,FACULTAD DE CIENCIAS HUMANAS  Y ECONÓMICAS,182,MAESTRÍA EN HISTORIA,3581,MAESTRÍA EN HISTORIA
3005,DIRECCION ACADEMICA,1102,#ERROR!,3,SEDE MEDELLÍN,PES,PROGRAMA ESPECIAL,MVIS,PROGRAMA ESPECIAL VISITANTE
3103,ESCUELA DE FISICA,1102,#ERROR!,3065,FACULTAD DE CIENCIAS,056,INGENIERÍA FÍSICA,3506,INGENIERÍA FÍSICA
3104,ESCUELA DE QUIMICA,1102,#ERROR!,3065,FACULTAD DE CIENCIAS,168,MAESTRÍA EN CIENCIAS - QUÍMICA,3560,MAESTRÍA EN CIENCIAS - QUÍMICA
3105,ESCUELA DE MATEMATICAS,1102,#ERROR!,3065,FACULTAD DE CIENCIAS,003,MATEMÁTICAS,3507,MATEMÁTICAS
3145,DEPARTAMENTO DE INGENIERIA AGRICOLA Y ALIMENTOS,1102,#ERROR!,3442,FACULTAD DE CIENCIAS AGRARIAS,309,MAESTRÍA EN CIENCIA Y TECNOLOGÍA DE ALIMENTOS,3570,MAESTRÍA EN CIENCIA Y TECNOLOGÍA DE ALIMENTOS
3147,DEPARTAMENTO DE PRODUCCION ANIMAL,1102,#ERROR!,3066,FACULTAD DE CIENCIAS AGROPECUARIAS,252,ESPECIALIZACIÓN EN NUTRICIÓN ANIMAL,3331,ESPECIALIZACIÓN EN NUTRICIÓN ANIMAL
3189,DEPARTAMENTO DE ECONOMÍA,1102,#ERROR!,3067,FACULTAD DE CIENCIAS HUMANAS  Y ECONÓMICAS,218,ESPECIALIZACIÓN EN ECONOMÍA INTERNACIONAL,3576,ESPECIALIZACIÓN EN ECONOMÍA INTERNACIONAL
3341,ESCUELA DE QUIMICA Y PETROLEOS,1102,#ERROR!,3068,FACULTAD DE MINAS,054,INGENIERÍA DE PETRÓLEOS,3054,INGENIERÍA DE PETROLEOS
3342,DEPARTAMENTO DE GEOCIENCIAS Y MEDIO AMBIENTE,1102,#ERROR!,3068,FACULTAD DE MINAS,221,ESPECIALIZACIÓN EN APROVECHAMIENTO DE RECURSOS HIDRÁULICOS,3585,ESPECIALIZACIÓN EN APROVECHAMIENTO DE RECURSOS HIDRÁULICOS
9999,GENERICO,9920,#ERROR!,NO REGISTRA,NO REGISTRA,NO REGISTRA,NO REGISTRA,NO REGISTRA,NO REGISTRA
3328,CENTRO DE IDIOMAS,1102,#ERROR!,3067,FACULTAD DE CIENCIAS HUMANAS  Y ECONÓMICAS,PES,PROGRAMA ESPECIAL,3POR,PORTUGUES - PROGRAMA DE APRENDIZAJE EN LENGUAS EXTRANJERAS
3100,VICEDECANATURA FACULTAD DE CIENCIAS,1102,#ERROR!,3065,FACULTAD DE CIENCIAS,333,MAESTRÍA EN ENSEÑANZA DE LAS CIENCIAS EXACTAS Y NATURALES,3563,MAESTRÍA EN ENSEÑANZA DE LAS CIENCIAS EXACTAS Y NATURALES
4095,DEPARTAMENTO DE ADMINISTRACION,1103,#ERROR!,4046,FACULTAD DE ADMINISTRACIÓN,152,MAESTRÍA EN ADMINISTRACIÓN,4401,MAESTRIA EN ADMINISTRACION
4109,ESCUELA DE ARQUITECTURA Y URBANISMO,1103,#ERROR!,4036,FACULTAD DE INGENIERIA Y ARQUITECTURA,181,MAESTRÍA EN HABITAT,4405,MAESTRIA EN HABITAT
4096,DEPARTAMENTO DE FISICA Y QUIMICA,1103,#ERROR!,4037,FACULTAD DE CIENCIAS EXACTAS Y NATURALES,056,INGENIERÍA FÍSICA,4030,INGENIERIA FISICA
4105,DEPARTAMENTO DE INGENIERIA CIVIL,1103,#ERROR!,4036,FACULTAD DE INGENIERIA Y ARQUITECTURA,225,ESPECIALIZACIÓN EN VÍAS Y TRANSPORTE,4334,ESPECIALIZACION EN VIAS Y TRANSPORTE
4097,DEPARTAMENTO DE INFORMATICA Y COMPUTACION,1103,#ERROR!,4046,FACULTAD DE ADMINISTRACIÓN,311,ESPECIALIZACIÓN EN GESTIÓN DE REDES Y DATOS,4402,ESPECIALIZACION EN GESTION DE REDES Y DATOS
4106,"DEPARTAMENTO DE INGENERIA ELECTRICA, ELECTRONICA Y COMPUTACION",1103,#ERROR!,4036,FACULTAD DE INGENIERIA Y ARQUITECTURA,089,ESPECIALIZACIÓN EN AUTOMATIZACIÓN INDUSTRIAL,4602,ESPECIALIZACION EN AUTOMATIZACION INDUSTRIAL
4107,DEPARTAMENTO DE INGENIERIA INDUSTRIAL,1103,#ERROR!,4036,FACULTAD DE INGENIERIA Y ARQUITECTURA,264,ESPECIALIZACIÓN EN DIRECCIÓN DE PRODUCCIÓN Y OPERACIONES,4330,ESPECIALIZACION EN DIRECCION DE PRODUCCION Y OPERACIONES
4108,DEPARTAMENTO DE INGENIERIA QUIMICA,1103,#ERROR!,4036,FACULTAD DE INGENIERIA Y ARQUITECTURA,112,ESPECIALIZACIÓN EN INGENIERÍA AMBIENTAL - ÁREA SANITARIA,4332,ESPECIALIZACION EN INGENIERIA AMBIENTAL - AREA SANITARIA
4067,DEPARTAMENTO DE CIENCIAS HUMANAS,1103,#ERROR!,4046,FACULTAD DE ADMINISTRACIÓN,062,GESTIÓN CULTURAL Y COMUNICATIVA,4033,GESTION CULTURAL Y COMUNICATIVA
4036,FACULTAD DE INGENIERIA Y ARQUITECTURA,1103,#ERROR!,4036,FACULTAD DE INGENIERIA Y ARQUITECTURA,188,MAESTRÍA EN INGENIERÍA - INGENIERÍA ELÉCTRICA,4090,MAESTRIA EN INGENIERIA ELECTRICA
4044,INGENIERIA MANIZALES,1103,#ERROR!,NO REGISTRA,NO REGISTRA,NO REGISTRA,NO REGISTRA,NO REGISTRA,NO REGISTRA
4045,ARQUITECTURA MANIZALES,1103,#ERROR!,NO REGISTRA,NO REGISTRA,NO REGISTRA,NO REGISTRA,NO REGISTRA,NO REGISTRA
4065,ADMINISTRACION Y SISTEMAS MANIZALES,1103,#ERROR!,NO REGISTRA,NO REGISTRA,NO REGISTRA,NO REGISTRA,NO REGISTRA,NO REGISTRA
4066,CIENCIAS MANIZALES,1103,#ERROR!,NO REGISTRA,NO REGISTRA,NO REGISTRA,NO REGISTRA,NO REGISTRA,NO REGISTRA
4037,FACULTAD DE CIENCIAS Y ADMINISTRACION,1103,#ERROR!,NO REGISTRA,NO REGISTRA,NO REGISTRA,NO REGISTRA,NO REGISTRA,NO REGISTRA
4046,FACULTAD DE ADMINISTRACION,1103,#ERROR!,NO REGISTRA,NO REGISTRA,NO REGISTRA,NO REGISTRA,NO REGISTRA,NO REGISTRA
4008,IDEA,1103,#ERROR!,NO REGISTRA,NO REGISTRA,NO REGISTRA,NO REGISTRA,NO REGISTRA,NO REGISTRA
5132,DEPARTAMENTO DE CIENCIAS AGRÍCOLAS,1104,#ERROR!,5128,FACULTAD DE CIENCIAS AGROPECUARIAS,D03,DOCTORADO EN CIENCIAS AGROPECUARIAS - ÁREA AGRARIA (068),5241,DOCTORADO EN CIENCIAS AGROPECUARIAS
5133,DEPARTAMENTO DE CIENCIA ANIMAL,1104,#ERROR!,5128,FACULTAD DE CIENCIAS AGROPECUARIAS,022,ZOOTECNIA,5982,ZOOTECNIA
5141,Departamento de Ciencias Básicas,1104,#ERROR!,5137,FACULTAD DE INGENIERÍA Y ADMINISTRACIÓN,333,MAESTRÍA EN ENSEÑANZA DE LAS CIENCIAS EXACTAS Y NATURALES,5954,MAESTRIA EN ENSEÑANZA DE LAS CIENCIAS EXACTAS Y NATURALES
5142,Departamento de Ciencias Sociales,1104,#ERROR!,59999,Centro Migracion de Datos,PES,PROGRAMA ESPECIAL,PLEX,PROGRAMA DE DESARROLLO DEL  APRENDIZAJE AUTONOMO DE LENGUAS EXTRANJERAS
5143,Departamento de Ingeniería,1104,#ERROR!,5137,FACULTAD DE INGENIERÍA Y ADMINISTRACIÓN,400,DOCTORADO EN CIENCIA Y TECNOLOGÍA DE ALIMENTOS,5968,DOCTORADO EN CIENCIA Y TECNOLOGÍA DE ALIMENTOS
5100,Sede Palmira,1104,#ERROR!,5100,SEDE PALMIRA,PEL,PROGRAMA ELECTIVAS,5CLE,PLAN COMPONENTE DE LIBRE ELECCION ACUERDO 033
5137,FACULTAD DE INGENIERÍA Y ADMINISTRACIÓN,1104,#ERROR!,NO REGISTRA,NO REGISTRA,NO REGISTRA,NO REGISTRA,NO REGISTRA,NO REGISTRA
5128,FACULTAD DE CIENCIAS AGROPECUARIAS,1104,#ERROR!,NO REGISTRA,NO REGISTRA,NO REGISTRA,NO REGISTRA,NO REGISTRA,NO REGISTRA
5176,DEPARTAMENTO CIENCIAS BIOLÓGICAS,1104,#ERROR!,5128,FACULTAD DE CIENCIAS AGROPECUARIAS,337,DOCTORADO EN AGROECOLOGÍA,5955,DOCTORADO EN AGROECOLOGIA
5151,DEPARTAMENTO DE DISEÑO,1104,#ERROR!,5137,FACULTAD DE INGENIERÍA Y ADMINISTRACIÓN,032,DISEÑO INDUSTRIAL,5932,DISEÑO INDUSTRIAL
3294,ESCUELA DE MEDIOS DE REPRESENTACION,1102,#ERROR!,3064,FACULTAD DE ARQUITECTURA,081,ESPECIALIZACIÓN EN DISEÑO DE MULTIMEDIA,3540,ESPECIALIZACIÓN EN DISEÑO DE MULTIMEDIA
3014,INSTITUTO DE ESTUDIOS AMBIENTALES,1102,#ERROR!,NO REGISTRA,NO REGISTRA,NO REGISTRA,NO REGISTRA,NO REGISTRA,NO REGISTRA
3146,DEPARTAMENTO DE CIENCIAS FORESTALES,1102,#ERROR!,3066,FACULTAD DE CIENCIAS AGROPECUARIAS,059,TECNOLOGÍA FORESTAL,3526,TECNOLOGÍA FORESTAL
3340,DEPARTAMENTO DE MATERIALES Y MINERALES,1102,#ERROR!,3068,FACULTAD DE MINAS,224,MAESTRÍA EN INGENIERÍA - MATERIALES Y PROCESOS,3599,MAESTRÍA EN INGENIERÍA - MATERIALES Y PROCESOS
4098,DEPARTAMENTO DE MATEMATICAS Y ESTADISTICA,1103,#ERROR!,4037,FACULTAD DE CIENCIAS EXACTAS Y NATURALES,251,MAESTRÍA EN CIENCIAS - MATEMÁTICA APLICADA,4406,MAESTRIA EN CIENCIAS - MATEMATICA APLICADA
2687,DEPARTAMENTO DE CIENCIAS BASICAS Y MEDICINA ORAL,1101,#ERROR!,NO REGISTRA,NO REGISTRA,NO REGISTRA,NO REGISTRA,NO REGISTRA,NO REGISTRA
2352,DEPARTAMENTO DE SALUD MENTAL                                               ,1101,#ERROR!,NO REGISTRA,NO REGISTRA,NO REGISTRA,NO REGISTRA,NO REGISTRA,NO REGISTRA
2351,DEPARTAMENTO DE SALUD PUBLICA Y MATERNO INFANTIL                           ,1101,#ERROR!,NO REGISTRA,NO REGISTRA,NO REGISTRA,NO REGISTRA,NO REGISTRA,NO REGISTRA
2420,DEPARTAMENTO DE NUTRICION Y DIETETICA                                      ,1101,#ERROR!,NO REGISTRA,NO REGISTRA,NO REGISTRA,NO REGISTRA,NO REGISTRA,NO REGISTRA
2265,DEPARTAMENTO DE GESTION EMPRESARIAL                                        ,1101,#ERROR!,NO REGISTRA,NO REGISTRA,NO REGISTRA,NO REGISTRA,NO REGISTRA,NO REGISTRA
2366,DEPARTAMENTO DE INGENIERIA AGRICOLA                                        ,1101,#ERROR!,NO REGISTRA,NO REGISTRA,NO REGISTRA,NO REGISTRA,NO REGISTRA,NO REGISTRA
2367,DEPARTAMENTO DE INGENIERIA CIVIL                                           ,1101,#ERROR!,NO REGISTRA,NO REGISTRA,NO REGISTRA,NO REGISTRA,NO REGISTRA,NO REGISTRA
2368,DEPARTAMENTO DE INGENIERIA DE SISTEMAS                                     ,1101,#ERROR!,NO REGISTRA,NO REGISTRA,NO REGISTRA,NO REGISTRA,NO REGISTRA,NO REGISTRA
2369,DEPARTAMENTO DE INGENIERIA ELECTRICA                                       ,1101,#ERROR!,NO REGISTRA,NO REGISTRA,NO REGISTRA,NO REGISTRA,NO REGISTRA,NO REGISTRA
2370,DEPARTAMENTO DE INGENIERIA MECANICA,1101,#ERROR!,NO REGISTRA,NO REGISTRA,NO REGISTRA,NO REGISTRA,NO REGISTRA,NO REGISTRA
2412,DEPARTAMENTO DE MEDICINA INTERNA                                           ,1101,#ERROR!,2056,FACULTAD DE MEDICINA,263,ESPECIALIDAD EN GERIATRÍA,2617,ESPECIALIDAD EN GERIATRIA - MÉDICOS INTERNISTAS
2509,DEPARTAMENTO DE MEDICINA ORAL Y CIRUGIA                                    ,1101,#ERROR!,NO REGISTRA,NO REGISTRA,NO REGISTRA,NO REGISTRA,NO REGISTRA,NO REGISTRA
2131,DEPARTAMENTO DE GEOLOGIA BOGOTA                                            ,1101,#ERROR!,NO REGISTRA,NO REGISTRA,NO REGISTRA,NO REGISTRA,NO REGISTRA,NO REGISTRA
2295,DEPARTAMENTO DE TRABAJO SOCIAL C. HUMANAS BOGOTA                           ,1101,#ERROR!,2052,FACULTAD DE CIENCIAS HUMANAS,323,MAESTRÍA EN TRABAJO SOCIAL,2663,MAESTRÍA EN TRABAJO SOCIAL
2329,DEPARTAMENTO DE DERECHO PRIVADO ECONOMICO                                  ,1101,#ERROR!,NO REGISTRA,NO REGISTRA,NO REGISTRA,NO REGISTRA,NO REGISTRA,NO REGISTRA
2330,DEPARTAMENTO DE DERECHO PUBLICO                                            ,1101,#ERROR!,NO REGISTRA,NO REGISTRA,NO REGISTRA,NO REGISTRA,NO REGISTRA,NO REGISTRA
2072,DEPARTAMENTO  DE DESARROLLO RURAL,1101,#ERROR!,NO REGISTRA,NO REGISTRA,NO REGISTRA,NO REGISTRA,NO REGISTRA,NO REGISTRA
3446,VICEDECANATURA ACADÉMICA - CIENCIAS AGRARIAS,1102,#ERROR!,NO REGISTRA,NO REGISTRA,NO REGISTRA,NO REGISTRA,NO REGISTRA,NO REGISTRA
3470,DIRECCIÓN DE INVESTIGACIÓN Y EXTENSIÓN,1102,#ERROR!,NO REGISTRA,NO REGISTRA,NO REGISTRA,NO REGISTRA,NO REGISTRA,NO REGISTRA
0003,DIRECCIÓN ACADÉMICA LA PAZ,9933,#ERROR!,NO REGISTRA,NO REGISTRA,NO REGISTRA,NO REGISTRA,NO REGISTRA,NO REGISTRA
0000,SEDE LA PAZ,9933,#ERROR!,NO REGISTRA,NO REGISTRA,NO REGISTRA,NO REGISTRA,NO REGISTRA,NO REGISTRA
9933,SEDE LA PAZ,9920,#ERROR!,9933,SEDE DE LA PAZ,PEL,PROGRAMA ELECTIVAS,0CLE,COMPONENTE DE LIBRE ELECCIÓN SEDE LA PAZ
3524,DEPARTAMENTO DE CIENCIAS DE LA VIDA,1102,#ERROR!,NO REGISTRA,NO REGISTRA,NO REGISTRA,NO REGISTRA,NO REGISTRA,NO REGISTRA
3525,DEPARTAMENTO DE SALUD DE COLECTIVOS,1102,#ERROR!,NO REGISTRA,NO REGISTRA,NO REGISTRA,NO REGISTRA,NO REGISTRA,NO REGISTRA
3064,FACULTAD DE ARQUITECTURA,1102,#ERROR!,NO REGISTRA,NO REGISTRA,NO REGISTRA,NO REGISTRA,NO REGISTRA,NO REGISTRA
3065,FACULTAD DE CIENCIAS,1102,#ERROR!,NO REGISTRA,NO REGISTRA,NO REGISTRA,NO REGISTRA,NO REGISTRA,NO REGISTRA
3067,FACULTAD DE CIENCIAS HUMANAS  Y ECONÓMICAS,1102,#ERROR!,NO REGISTRA,NO REGISTRA,NO REGISTRA,NO REGISTRA,NO REGISTRA,NO REGISTRA
3068,FACULTAD DE MINAS,1102,#ERROR!,NO REGISTRA,NO REGISTRA,NO REGISTRA,NO REGISTRA,NO REGISTRA,NO REGISTRA
3442,FACULTAD DE CIENCIAS AGRARIAS,1102,#ERROR!,NO REGISTRA,NO REGISTRA,NO REGISTRA,NO REGISTRA,NO REGISTRA,NO REGISTRA
3516,FACULTAD DE CIENCIAS DE LA VIDA,1102,#ERROR!,NO REGISTRA,NO REGISTRA,NO REGISTRA,NO REGISTRA,NO REGISTRA,NO REGISTRA
0004,ESCUELA DE PREGRADO LA PAZ,9933,#ERROR!,1004,ESCUELA DE PREGRADO DE LA PAZ,005,BIOLOGÍA,L001,BIOLOGÍA
0005,ESCUELA DE POSGRADO LA PAZ,9933,#ERROR!,NO REGISTRA,NO REGISTRA,NO REGISTRA,NO REGISTRA,NO REGISTRA,NO REGISTRA
3487,INSTITUTO DE EDUCACIÓN EN INGENIERÍA,1102,#ERROR!,NO REGISTRA,NO REGISTRA,NO REGISTRA,NO REGISTRA,NO REGISTRA,NO REGISTRA
99999,NO REGISTRA,99999,#ERROR!,99999,NO REGISTRA,NO REGISTRA,NO REGISTRA,NO REGISTRA,NO REGISTRA